CPF do Beneficiário;Nome;Data de Nascimento;Estado;CEP;Cod Município IBGE;Valor do Benefício
10433218100;MARIA DA SILVA;20/11/1960;São Paulo;80010746;3106200;R$ 534,59
96001338914;JOSÉ SOUZA;13/05/1990;MG;83000224;2927408;R$ 314,29
08386379499;ANA PEREIRA;27/01/1970;bahia;62581274;3550308;R$ 632,72
02654235114;JOÃO OLIVEIRA;23/06/1963;RJ;95909511;3304557;R$ 1139,18
16155940789;FRANCISCA LIMA;09/03/1965;Ceará;83579551;2927408;R$ 1397,54
81618495950;ANTÔNIO COSTA;19/07/1973;SP;38746141;3304557;R$ 386,96
31034131656;LUIZA ROCHA;02/02/1959;PE;92240163;3304557;R$ 1421,08
47525534144;CARLOS ALVES;13/07/1988;Paraná;71348541;2927408;R$ 1333,01
10433218100;MARIA DA SILVA;20/11/1960;São Paulo;80010746;3106200;R$ 534,59
123.456.789-00;REGISTRO INVALIDO;31/02/1990;XX;;35503;abc
